<?xml version="1.0" encoding="UTF-8"?>
<project xmlns="http://www.netbeans.org/ns/project/1">
    <type>org.netbeans.modules.php.project</type>
    <configuration>
        <data xmlns="http://www.netbeans.org/ns/php-project/1">
            <name>taxes</name>
        </data>
        <spellchecker-wordlist xmlns="http://www.netbeans.org/ns/spellchecker-wordlist/1">
            <word>bootf</word>
            <word>boott</word>
            <word>cls</word>
            <word>endif</word>
            <word>endsection</word>
            <word>لاتز</word>
        </spellchecker-wordlist>
    </configuration>
</project>
