<?xml version="1.0" encoding="UTF-8"?>
<project-private xmlns="http://www.netbeans.org/ns/project-private/1">
    <editor-bookmarks xmlns="http://www.netbeans.org/ns/editor-bookmarks/2" lastBookmarkId="0"/>
    <open-files xmlns="http://www.netbeans.org/ns/projectui-open-files/2">
        <group>
            <file>file:/D:/MY%20WORK/xampp/htdocs/taxes/resources/lang/ar/index.php</file>
            <file>file:/D:/MY%20WORK/xampp/htdocs/taxes/app/Http/Controllers/FrontCtrl.php</file>
            <file>file:/D:/MY%20WORK/xampp/htdocs/taxes/resources/views/front/blog/blog_one.blade.php</file>
            <file>file:/D:/MY%20WORK/xampp/htdocs/taxes/resources/lang/en/index.php</file>
        </group>
    </open-files>
</project-private>
